{"stats":{"minecraft:used":{"minecraft:poppy":10,"minecraft:acacia_log":3},"minecraft:custom":{"minecraft:jump":27,"minecraft:time_since_rest":2711,"minecraft:damage_dealt":70,"minecraft:play_one_minute":2711,"minecraft:leave_game":2,"minecraft:sprint_one_cm":5274,"minecraft:time_since_death":2711,"minecraft:walk_one_cm":7411,"minecraft:fall_one_cm":209,"minecraft:fly_one_cm":7057},"minecraft:picked_up":{"minecraft:poppy":10,"minecraft:acacia_log":3},"minecraft:mined":{"minecraft:grass":3,"minecraft:acacia_log":3,"minecraft:poppy":11}},"DataVersion":2586}